sample index,class_label,sensor0,sensor1,sensor2,sensor3,sensor4,sensor5,sensor6,sensor7,sensor8,sensor9
sample0,1,0.834250983,0.726081399,0.535903685,0.214895844,0.873788291,0.767604522,0.111308439,0.557526496,0.599649662,0.665568793
sample1,1,0.804059174,0.253135155,0.869867307,0.334285064,0.604074592,0.494045302,0.833575189,0.194189829,0.014966172,0.802917811
sample2,1,0.694404275,0.595776571,0.581294274,0.79900341,0.762856727,0.651392848,0.07590534,0.0071863,0.659633027,0.831008772
sample3,1,0.783689531,0.038779628,0.285043291,0.627305394,0.800619841,0.486340186,0.827723136,0.33980712,0.731343483,0.892358695
sample4,1,0.788835332,0.174433349,0.348770331,0.938244327,0.692064524,0.377619717,0.183759612,0.616804669,0.492899051,0.930968997
sample5,1,0.240629929,0.142477751,0.091416078,0.117597865,0.812113201,0.943702343,0.104642646,0.849266614,0.871183789,0.012565907
sample6,1,0.405644622,0.72738799,0.663814034,0.69327479,0.944709155,0.973889651,0.754428059,0.297616033,0.908338958,0.234749101
sample7,1,0.714746824,0.656209866,0.588289712,0.13437045,0.861761595,0.943616038,0.226713876,0.546324139,0.688982545,0.883037768
sample8,1,0.535341649,0.273590768,0.621032765,0.78033641,0.966042359,0.463964968,0.94038875,0.867454933,0.99074054,0.028283452
sample9,1,0.548196739,0.337426247,0.265823999,0.249460524,0.703808193,0.958614701,0.76749377,0.205817832,0.760199257,0.932065759
sample10,1,0.520301139,0.255860668,0.734893406,0.491712952,0.005895683,0.216122515,0.951611263,0.368184674,0.571823857,0.098191683
sample11,1,0.751634685,0.208447856,0.392031028,0.151582114,0.762856727,0.366029142,0.968208258,0.33980712,0.528914041,0.057516186
sample12,1,0.856897479,0.621303197,0.317500228,0.607693646,0.43691866,0.908226306,0.818923433,0.862558286,0.910885697,0.991938339
sample13,1,0.783689531,0.11644708,0.284174192,0.859827649,0.60260132,0.3468904,0.848903253,0.856025171,0.968292589,0.852724526
sample14,1,0.855352651,0.260777035,0.691850671,0.83787026,0.458487037,0.975085541,0.201430215,0.673111147,0.54698365,0.215899743
sample15,1,0.821714562,0.670686559,0.440101553,0.036172368,0.237093467,0.669008355,0.957628678,0.995481571,0.93080721,0.898340456
sample16,1,0.181726764,0.635666169,0.557869741,0.581679546,0.93673184,0.309288403,0.182594589,0.379257681,0.893349178,0.123943602
sample17,1,0.254952542,0.765741932,0.492250217,0.660504233,0.831161734,0.769410734,0.008300681,0.909086142,0.366332504,0.606959509
sample18,1,0.522804822,0.719926694,0.598336443,0.504332617,0.58843635,0.01357055,0.022781719,0.341586197,0.731343483,0.129844859
sample19,1,0.230984028,0.6100998,0.461253477,0.732465692,0.596671212,0.730743767,0.217379568,0.78946013,0.893349178,0.876577096
sample20,1,0.770700815,0.235316229,0.609214951,0.473039842,0.619312318,0.910343755,0.803663764,0.411764291,0.669261468,0.95828483
sample21,1,0.54619385,0.749156437,0.572073876,0.495999847,0.930321877,0.803169017,0.94830995,0.085674606,0.166986092,0.562633324
sample22,1,0.626736931,0.678661753,0.322950913,0.471931675,0.575576569,0.539789176,0.869410061,0.688342274,0.996097729,0.461261327
sample23,1,0.305804261,0.723343639,0.455628227,0.96206028,0.944830899,0.978678276,0.128963494,0.998230204,0.104838547,0.57838906
sample24,1,0.017609762,0.647878228,0.458062353,0.674381926,0.002246301,0.849124013,0.128412158,0.43663607,0.666270273,0.56495194
sample25,1,0.818655462,0.607226417,0.67759979,0.768974563,0.943669592,0.968952932,0.126005004,0.799384155,0.921840427,0.626263048
sample26,1,0.874228245,0.54874816,0.587955518,0.191372862,0.907446373,0.331233898,0.046350717,0.799646445,0.925344341,0.836474314
sample27,1,0.55589634,0.723343639,0.635266376,0.891900456,0.81361751,0.182618149,0.893025319,0.025390497,0.953812467,0.765076793
sample28,1,0.627978032,0.620263663,0.581294274,0.580895479,0.560525395,0.380643495,0.844510956,0.975558051,0.472101854,0.8135555
sample29,1,0.624394864,0.568014134,0.360392497,0.115973376,0.701492574,0.546164863,0.224482813,0.748699872,0.72542819,0.006371644
sample30,1,0.937026583,0.715476828,0.423824603,0.93098761,0.516092311,0.339711787,0.777791734,0.122558449,0.868217864,0.215899743
sample31,1,0.60020212,0.579435319,0.188943659,0.723705379,0.887670855,0.803169017,0.976249184,0.378224196,0.731936408,0.534018917
sample32,1,0.344972582,0.016815924,0.477676434,0.469172927,0.299559369,0.285788064,0.885384301,0.332127031,0.710151167,0.175552831
sample33,1,0.813944129,0.59898396,0.371442078,0.666183536,0.498420015,0.287248575,0.844837633,0.811782989,0.702825522,0.165150224
sample34,1,0.872835134,0.576794602,0.318401517,0.700853241,0.678073398,0.409218532,0.793379085,0.931101303,0.153946972,0.847780788
sample35,1,0.725597083,0.67489355,0.720488248,0.518781281,0.948583904,0.867635797,0.150891646,0.281391625,0.544006946,0.967246565
sample36,1,0.66197348,0.670686559,0.685286824,0.800514023,0.639872651,0.325250431,0.00743841,0.35817512,0.802436034,0.792825924
sample37,1,0.793196226,0.573493164,0.265508229,0.519005331,0.56967641,0.965137073,0.09851733,0.500517499,0.743151779,0.291298849
sample38,1,0.990002203,0.383823045,0.605673927,0.822377062,0.182108691,0.997367219,0.108689695,0.897977831,0.542490409,0.831008772
sample39,1,0.661695254,0.975995206,0.163631676,0.510885987,0.550857922,0.494045302,0.955619393,0.983455308,0.968520156,0.901877696
sample40,1,0.899452172,0.668232689,0.36833453,0.7252992,0.330922662,0.499733005,0.979191734,0.881507114,0.503338881,0.564014725
sample41,1,0.445414219,0.081181742,0.453087662,0.733476634,0.463905871,0.448215342,0.94235547,0.579126997,0.165816938,0.9301307
sample42,1,0.542997375,0.079431947,0.334957367,0.510065508,0.97292499,0.902698936,0.941535488,0.463331838,0.705379817,0.606679072
sample43,1,0.700802152,0.748952063,0.519760663,0.63915813,0.829955549,0.350133964,0.097177963,0.085674606,0.381922024,0.768931853
sample44,1,0.993453828,0.747968709,0.42162766,0.283047611,0.569021622,0.389012422,0.836007707,0.863795678,0.665106208,0.728246703
sample45,1,0.872835134,0.256980268,0.641581093,0.017226942,0.63873331,0.900252888,0.200708148,0.793649854,0.821616318,0.118883791
sample46,1,0.549316986,0.575941124,0.741356224,0.17379222,0.750227648,0.845650775,0.95046683,0.758013407,0.740158757,0.270299393
sample47,1,0.924049589,0.180193389,0.277311921,0.753494301,0.586662515,0.215884101,0.93188435,0.465424861,0.343767616,0.165150224
sample48,1,0.133293055,0.070786231,0.495434741,0.510885987,0.569021622,0.978678276,0.827439296,0.38239513,0.621075111,0.825980183
sample49,1,0.391016251,0.243859981,0.53167569,0.98641442,0.648625388,0.758396507,0.820119547,0.622218253,0.959600923,0.743652435
sample50,1,0.865991368,0.652622347,0.252720345,0.787836833,0.944830899,0.346985764,0.205343524,0.072212788,0.940072122,0.615588381
sample51,1,0.857133173,0.145366793,0.59220051,0.723705379,0.619269969,0.307352165,0.813713141,0.620931517,0.859715803,0.80029912
sample52,1,0.766150894,0.218281628,0.253480207,0.733476634,0.745481817,0.521274431,0.240464044,0.161164069,0.933183154,0.007976421
sample53,1,0.366138663,0.639408389,0.401896477,0.292032054,0.812876417,0.929620621,0.979191734,0.83282499,0.37814063,0.898300826
sample54,1,0.705074265,0.75571171,0.273387488,0.522763653,0.76693703,0.989588495,0.935454174,0.83282499,0.893856184,0.825980183
sample55,1,0.812637684,0.597211497,0.604168426,0.928435213,0.652177458,0.200764437,0.118289795,0.440079639,0.901962883,0.394881964
sample56,1,0.990002203,0.536729316,0.745807692,0.674381926,0.607989646,0.995200885,0.207925458,0.770240878,0.529635712,0.00803856
sample57,1,0.457280458,0.178628946,0.290666498,0.212369337,0.861698354,0.268204185,0.193988896,0.353739661,0.833295722,0.222861486
sample58,1,0.741395187,0.394956324,0.609403268,0.089149253,0.619498644,0.559436022,0.960533667,0.856025171,0.580613192,0.763911985
sample59,1,0.646143037,0.033907865,0.308941733,0.636605264,0.653019751,0.194333901,0.846859096,0.258100169,0.905186538,0.651895048
sample60,1,0.610413694,0.578003056,0.251388519,0.86509021,0.497841868,0.936426102,0.145264521,0.210012166,0.54698365,0.634027934
sample61,1,0.740488549,0.565440361,0.337551449,0.803792835,0.831389495,0.338790702,0.079875645,0.020323214,0.565411838,0.838633521
sample62,1,0.937026583,0.206024,0.428206585,0.049600523,0.652177458,0.64790129,0.126496468,0.267585769,0.880283051,0.696216782
sample63,1,0.252218019,0.444950919,0.374988429,0.908446091,0.763675792,0.494045302,0.075935649,0.298350897,0.300455664,0.898340456
sample64,1,0.902717412,0.254573649,0.621032765,0.700853241,0.159815122,0.377648943,0.224482813,0.385989281,0.960462452,0.636771393
sample65,1,0.546325906,0.146527196,0.532257702,0.774438811,0.684984772,0.627744266,0.983288789,0.325250202,0.134175971,0.305223812
sample66,1,0.608390063,0.645131235,0.53167569,0.954019535,0.850280118,0.845707236,0.130462183,0.368370848,0.62143666,0.587838134
sample67,1,0.90114106,0.631214742,0.720488248,0.536205582,0.684984772,0.816085812,0.182357315,0.53184886,0.784541915,0.865054163
sample68,1,0.745129297,0.163989041,0.450214939,0.761228602,0.76024453,0.29819774,0.900904281,0.385173223,0.404664138,0.691561848
sample69,1,0.621211697,0.651144315,0.013799434,0.937058869,0.662853205,0.973641793,0.013579541,0.010071902,0.901962883,0.214120698
sample70,1,0.90708835,0.114794576,0.448719613,0.920593302,0.900723445,0.319339797,0.785900284,0.758013407,0.720606254,0.214120698
sample71,1,0.626736931,0.260392354,0.318866361,0.358942185,0.862281206,0.904712436,0.96201685,0.483515111,0.611464616,0.66045045
sample72,1,0.609432921,0.66547347,0.620671437,0.985862842,0.68481487,0.060830132,0.069314096,0.92506344,0.576516764,0.16225877
sample73,1,0.846650733,0.719795872,0.251388519,0.404064601,0.639872651,0.38451967,0.053646144,0.967639966,0.626582864,0.863102665
sample74,1,0.612347211,0.222967548,0.337197354,0.882479908,0.484140363,0.391272606,0.000173236,0.175338287,0.502912877,0.863102665
sample75,1,0.649296989,0.173426539,0.728927361,0.550228409,0.873788291,0.372227417,0.797999453,0.334925893,0.855547223,0.253336586
sample76,1,0.522804822,0.745999184,0.385509104,0.848582539,0.697903107,0.064341124,0.159609023,0.973261707,0.674866464,0.38714302
sample77,1,0.863007034,0.415615123,0.594677083,0.559905205,0.396052564,0.315273681,0.203594337,0.02713005,0.701080045,0.762511495
sample78,1,0.992155622,0.004605091,0.67310686,0.619243866,0.68447786,0.309299268,0.075977953,0.055857441,0.676337528,0.592611137
sample79,1,0.469402613,0.749307591,0.115582204,0.497071651,0.529433522,0.82747232,0.017618296,0.443330093,0.784541915,0.937797178
sample80,1,0.432155837,0.587680025,0.260639169,0.054581463,0.878502495,0.890921273,0.983287642,0.748699872,0.60567313,0.857955727
sample81,1,0.818655462,0.868630239,0.564074129,0.959277727,0.890600256,0.906840775,0.125982695,0.915911879,0.717873089,0.965177439
sample82,1,0.245273053,0.672755486,0.691850671,0.870684187,0.81361751,0.636005877,0.881421938,0.867454933,0.603121416,0.569529087
sample83,1,0.58068523,0.109737402,0.39755858,0.02045109,0.516092311,0.156629633,0.176206241,0.596558519,0.847003903,0.22896079
sample84,1,0.446318184,0.163989041,0.514030301,0.63915813,0.517571794,0.912670298,0.19760132,0.51349117,0.741693619,0.887076272
sample85,1,0.031170225,0.715089922,0.360392497,0.330082801,0.698830527,0.554873706,0.154135379,0.606695831,0.057372489,0.937797178
sample86,1,0.58257891,0.110798766,0.501440125,0.831690537,0.556827831,0.73799354,0.830867152,0.12238996,0.920915073,0.916328654
sample87,1,0.630147808,0.725818533,0.520827071,0.227233232,0.50478228,0.911219122,0.759326306,0.259027044,0.913793914,0.822861135
sample88,1,0.752644404,0.92547784,0.632028405,0.79900341,0.846945343,0.883197748,0.006899189,0.892787081,0.551988731,0.063957838
sample89,1,0.654597546,0.173511963,0.672129605,0.90527821,0.560525395,0.942716323,0.01784246,0.882208937,0.72542819,0.831008772
sample90,1,0.590673576,0.093676407,0.691850671,0.761228602,0.829955549,0.415165167,0.845797004,0.566821595,0.715329427,0.000451779
sample91,1,0.90888192,0.13396604,0.288473937,0.290874624,0.823842962,0.639928289,0.848061687,0.798825303,0.825746527,0.883037768
sample92,1,0.987542811,0.109148411,0.664935777,0.505636075,0.874053074,0.299820905,0.020567797,0.774742041,0.627163421,0.638128037
sample93,1,0.631511342,0.133003113,0.311811187,0.16890196,0.944709155,0.811574203,0.937271843,0.48063244,0.855547223,0.855092759
sample94,1,0.700802152,0.064824698,0.306157466,0.90527821,0.925279865,0.00269526,0.244990748,0.025842461,0.322987732,0.175441238
sample95,1,0.320117999,0.238999028,0.64492126,0.938244327,0.21176967,0.114331258,0.920692414,0.976433681,0.003165411,0.66018606
sample96,1,0.699539387,0.981556162,0.44396828,0.706576852,0.944496293,0.330340084,0.985884934,0.73248329,0.091052544,0.129844859
sample97,1,0.75454449,0.058533986,0.257654007,0.530066504,0.038174763,0.322659957,0.924439336,0.341586197,0.877000669,0.664941672
sample98,1,0.597644901,0.102991312,0.38884727,0.872352319,0.875888368,0.337756907,0.956649775,0.930161711,0.170667003,0.988661328
sample99,1,0.826129799,0.038372928,0.776761587,0.904272109,0.599571733,0.691324164,0.845167254,0.425033847,0.771071224,0.904054059
sample100,1,0.826129799,0.556789478,0.641174711,0.864228005,0.594409771,0.248611234,0.026337247,0.345982156,0.858907436,0.852345316
sample101,1,0.656906548,0.61341463,0.545597725,0.4023676,0.395792221,0.331233898,0.874199664,0.676000301,0.555381171,0.635626342
sample102,1,0.976944656,0.734798399,0.67310686,0.840619567,0.763675792,0.877015809,0.159190988,0.524984,0.626582864,0.763217608
sample103,1,0.902021505,0.228158037,0.680148422,0.803792835,0.797496963,0.317880655,0.93188435,0.221182167,0.853807417,0.078497725
sample104,1,0.542997375,0.066255175,0.300991538,0.510065508,0.541148078,0.792815481,0.825887003,0.267585769,0.299765051,0.051697127
sample105,1,0.850936666,0.643231858,0.687285347,0.487765652,0.927582888,0.768567945,0.104167728,0.786400482,0.821150308,0.126166222
sample106,1,0.803446738,0.350477487,0.748371968,0.890301869,0.835911853,0.406099311,0.101212178,0.331160608,0.611459351,0.655474425
sample107,1,0.653515787,0.007669148,0.428206585,0.935414373,0.999411914,0.377619717,0.829760303,0.441969499,0.821150308,0.454817037
sample108,1,0.833476329,0.729206102,0.140777126,0.561168317,0.680376394,0.886419702,0.995663357,0.17414173,0.587786592,0.524214272
sample109,1,0.597967962,0.463217826,0.377372067,0.872769766,0.965050315,0.384079062,0.006367811,0.36421865,0.683355168,0.493842517
sample110,1,0.923078626,0.600662701,0.461253477,0.429541432,0.887670855,0.028800898,0.055034401,0.25098898,0.769251213,0.818041333
sample111,1,0.987542811,0.572839578,0.257654007,0.800514023,0.921119934,0.339711787,0.820117176,0.221351318,0.070637107,0.764432827
sample112,1,0.731443638,0.017667153,0.284174192,0.505508129,0.340965767,0.385216126,0.029024442,0.115022009,0.702844297,0.815469896
sample113,1,0.75275992,0.230340511,0.452244368,0.94385824,0.495456529,0.846428134,0.018359946,0.677014036,0.921840427,0.106581395
sample114,1,0.716437199,0.018790889,0.561569879,0.970993291,0.742707598,0.495049514,0.123990376,0.923124804,0.994959037,0.126166222
sample115,1,0.534906313,0.636590982,0.399681515,0.344287771,0.529433522,0.756166757,0.156489055,0.482844774,0.894013624,0.83510778
sample116,1,0.678535222,0.910478306,0.850631562,0.928435213,0.914737662,0.321281328,0.220237381,0.300511077,0.992510648,0.79538724
sample117,1,0.730461566,0.102920334,0.707012605,0.88435863,0.722896587,0.201703247,0.800278123,0.131215909,0.325789408,0.537792881
sample118,1,0.77826704,0.640383169,0.555072916,0.907259144,0.590048692,0.879051638,0.09178971,0.855166872,0.718752635,0.849465479
sample119,1,0.636235521,0.746585521,0.14758105,0.322128045,0.101737402,0.384079062,0.952127474,0.723739674,0.86378578,0.662555926
sample120,1,0.920319988,0.003865393,0.505805404,0.850098195,0.625815118,0.878241066,0.81183366,0.308991687,0.929123362,0.182751871
sample121,1,0.722680376,0.250359302,0.25016301,0.559905205,0.874053074,0.431426861,0.033595005,0.281391625,0.354623246,0.636240485
sample122,1,0.590837279,0.6168867,0.592231979,0.751773787,0.938316674,0.811612294,0.001986543,0.070966647,0.424867262,0.005447386
sample123,1,0.690154657,0.639628279,0.405543426,0.63915813,0.176984741,0.35858072,0.210802775,0.443330093,0.557610599,0.363693618
sample124,1,0.858826043,0.222878847,0.514030301,0.060105486,0.544340293,0.429986788,0.979302967,0.813116131,0.520049051,0.743269422
sample125,1,0.099574277,0.683672169,0.733897173,0.990251208,0.478416362,0.305210872,0.025993927,0.995481571,0.674866464,0.070060496
sample126,1,0.90898917,0.044265906,0.567368179,0.981700871,0.343381559,0.783513339,0.170261411,0.054377985,0.80532451,0.434244982
sample127,1,0.90898917,0.726081399,0.405925204,0.558691258,0.58230682,0.254804933,0.802043209,0.793354453,0.66223866,0.838633521
sample128,1,0.568974679,0.225643155,0.661323121,0.753494301,0.937398434,0.902236656,0.201074906,0.746093516,0.72542819,0.904054059
sample129,1,0.762632744,0.742397144,0.975777341,0.666963241,0.903860023,0.69882617,0.155331753,0.922425733,0.724149963,0.081714041
sample130,1,0.062795871,0.542073203,0.505805404,0.765175487,0.2831174,0.38451967,0.126144704,0.259027044,0.542490409,0.168562249
sample131,1,0.542635078,0.608222906,0.621225237,0.505636075,0.890213783,0.419388571,0.193988896,0.368184674,0.780863441,0.96437141
sample132,1,0.542635078,0.150214985,0.278375317,0.991156166,0.948583904,0.448215342,0.767592417,0.930161711,0.968520156,0.763911985
sample133,1,0.589782136,0.576395411,0.557869741,0.518781281,0.841352179,0.776609669,0.180915708,0.454447604,0.544006946,0.38864982
sample134,1,0.521666932,0.9562449,0.465768625,0.756854172,0.831389495,0.755529795,0.144289409,0.961317568,0.007583597,0.15303451
sample135,1,0.722680376,0.018359658,0.299792424,0.638599737,0.706486379,0.936056697,0.017458659,0.406494188,0.841729127,0.305784406
sample136,1,0.636235521,0.76328503,0.942338349,0.954548381,0.735730266,0.871489066,0.788419791,0.43663607,0.931363058,0.866630347
sample137,1,0.576136515,0.233524248,0.398810245,0.889262286,0.529433522,0.260586596,0.183759612,0.463544966,0.872273192,0.476397193
sample138,1,0.590981049,0.569650734,0.826710309,0.981700871,0.57558471,0.327403077,0.018852284,0.245153787,0.687580808,0.79538724
sample139,1,0.590673576,0.6168867,0.492250217,0.518781281,0.833719677,0.937294821,0.163866224,0.647686018,0.92041829,0.037123088
sample140,1,0.318940307,0.641474509,0.595755784,0.728617168,0.715821086,0.810088681,0.925048315,0.889191524,0.470656341,0.583360859
sample141,1,0.623033906,0.020913368,0.253684032,0.873926002,0.073139482,0.261464447,0.2081144,0.291274009,0.666270273,0.911298958
sample142,1,0.509650229,0.535660902,0.609214951,0.904272109,0.23972912,0.984337576,0.160174772,0.835517733,0.919011827,0.911298958
sample143,1,0.714746824,0.661041792,0.569826196,0.889262286,0.969544222,0.755752992,0.012909929,0.438364074,0.996074576,0.714010335
sample144,1,0.765239857,0.070786231,0.425112018,0.502407312,0.165733229,0.855577313,0.162536041,0.548649779,0.46027941,0.999465266
sample145,1,0.79837358,0.70327019,0.622771749,0.989176742,0.818284873,0.492742795,0.082026235,0.875065336,0.75772984,0.211752109
sample146,1,0.713992618,0.254513088,0.441258905,0.631966336,0.370482158,0.772438511,0.845797004,0.939327975,0.523885659,0.583360859
sample147,1,0.730204051,0.569650734,0.457074388,0.656233424,0.506479015,0.254804933,0.756324509,0.868164878,0.946377539,0.222861486
sample148,1,0.783034139,0.250359302,0.44396828,0.041842231,0.50675626,0.322705924,0.145075566,0.889191524,0.787046625,0.898300826
sample149,1,0.813944129,0.695566431,0.598336443,0.67806814,0.497841868,0.018845924,0.870919623,0.983455308,0.744247794,0.815042791
sample150,1,0.549316986,0.788981999,0.317500228,0.901044544,0.906377534,0.416652977,0.193955158,0.499385008,0.663548285,0.055200136
sample151,1,0.697496032,0.476015002,0.771867555,0.891314286,0.723900377,0.921500645,0.917941635,0.657806643,0.355557846,0.438641216
sample152,1,0.766150894,0.695252024,0.02908395,0.802128702,0.763675792,0.310577914,0.957911048,0.204231113,0.777919749,0.151921014
sample153,1,0.777818476,0.625384343,0.660037188,0.595950056,0.812876417,0.879051638,0.07718935,0.809724652,0.565411838,0.829776299
sample154,1,0.910494688,0.652622347,0.85983275,0.756854172,0.934732357,0.285505138,0.837383076,0.849266614,0.564060073,0.191559575
sample155,1,0.976914933,0.244695475,0.501440125,0.66885794,0.657991005,0.969017391,0.01784246,0.245114422,0.738905524,0.584848908
sample156,1,0.73631885,0.102920334,0.511921934,0.545476514,0.704427677,0.902236656,0.983288789,0.253597597,0.60567313,0.321263569
sample157,1,0.810413284,0.54874816,0.720659041,0.968407515,0.710196462,0.464777895,0.075246684,0.872949005,0.509322658,0.813239465
sample158,1,0.828948598,0.031742324,0.38968919,0.770831299,0.556088703,0.433217854,0.869868676,0.718970248,0.578722627,0.22896079
sample159,1,0.199808077,0.742397144,0.342250086,0.732898081,0.557887361,0.880605016,0.001986543,0.272327177,0.941104435,0.977714382
sample160,1,0.259553249,0.726081399,0.50624695,0.741896878,0.981001663,0.499167476,0.815798603,0.882208937,0.083027485,0.811159874
sample161,1,0.788835332,0.578003056,0.392031028,0.848818926,0.876396393,0.346985764,0.768797053,0.499248842,0.642879868,0.688681201
sample162,1,0.992155622,0.116824911,0.584511216,0.502548757,0.602247178,0.364000529,0.187017918,0.869693223,0.843621,0.934722716
sample163,1,0.290392771,0.500540229,0.348011916,0.821802632,0.461454766,0.353003946,0.218723718,0.868164878,0.937508766,0.941474898
sample164,1,0.584329589,0.638513238,0.492460387,0.645841526,0.607386689,0.493150532,0.22660599,0.603651794,0.559548351,0.997523961
sample165,1,0.730461566,0.207670669,0.704738382,0.464976038,0.887670855,0.24622724,0.87515449,0.443330093,0.516186809,0.882876798
sample166,1,0.76338164,0.004316316,0.432167039,0.658850217,0.638885517,0.921500645,0.142630773,0.224982244,0.563829822,0.418117787
sample167,1,0.910494688,0.552795927,0.461680861,0.545476514,0.796343364,0.299820905,0.790011037,0.263316642,0.526981685,0.314827593
sample168,1,0.992155622,0.5344587,0.146986313,0.091451361,0.735730266,0.307352165,0.753556809,0.400173298,0.509322658,0.5083861
sample169,1,0.715161885,0.643231858,0.494908096,0.800514023,0.994508593,0.942716323,0.022405063,0.010448156,0.836507884,0.589842728
sample170,1,0.584091319,0.664107624,0.452945142,0.817343847,0.662853205,0.693705218,0.119163938,0.428091618,0.939873141,0.748699681
sample171,1,0.104086073,0.695566431,0.619302457,0.154721853,0.76123698,0.489310088,0.777355557,0.384033082,0.701920703,0.765076793
sample172,1,0.694370505,0.651872021,0.658113275,0.355286063,0.601014987,0.194966195,0.885384301,0.562977884,0.81413386,0.876649343
sample173,1,0.368556692,0.661041792,0.902151204,0.466670604,0.586662515,0.912432289,0.176707505,0.521888612,0.818921757,0.73968741
sample174,1,0.945210534,0.136018257,0.436290737,0.732898081,0.772685508,0.811574203,0.897513672,0.700440252,0.3052557,0.083379677
sample175,1,0.58068523,0.712238197,0.310066698,0.265987986,0.49726473,0.202198718,0.973341514,0.755310861,0.777515349,0.364915971
sample176,1,0.219174732,0.218281628,0.702966991,0.014430688,0.249515123,0.356777107,0.768323199,0.867454933,0.902674014,0.527437591
sample177,1,0.695582161,0.096795769,0.370871725,0.694000653,0.725049077,0.338790702,0.873436725,0.439388486,0.915453714,0.908510997
sample178,1,0.999475688,0.079431947,0.357472036,0.86509021,0.60260132,0.317596744,0.212138086,0.294990777,0.905925605,0.046663493
sample179,1,0.206543202,0.602850994,0.377251631,0.935975826,0.477500717,0.605352661,0.984540179,0.439388486,0.909397526,0.176069934
sample180,1,0.744029028,0.648357887,0.713003952,0.840619567,0.225300723,0.574314518,0.046643498,0.396053029,0.763139476,0.977714382
sample181,1,0.645800224,0.904441792,0.969142587,0.658850217,0.559203374,0.912670298,0.929722249,0.373990894,0.551988731,0.815042791
sample182,1,0.744029028,0.537998502,0.728927361,0.989524807,0.876156631,0.661452886,0.891979864,0.812606847,0.931363058,0.850012614
sample183,1,0.872184884,0.003865393,0.405925204,0.522763653,0.657530461,0.555755815,0.031756904,0.577848387,0.522276786,0.712659837
sample184,1,0.640352341,0.178628946,0.38968919,0.144612966,0.553446361,0.667163317,0.874600082,0.864153719,0.663835472,0.96437141
sample185,1,0.943605467,0.156028458,0.39755858,0.890301869,0.505997947,0.489310088,0.980786084,0.332127031,0.66223866,0.952945628
sample186,1,0.694370505,0.220083932,0.709275192,0.822377062,0.590048692,0.637244027,0.133152005,0.319913771,0.843621,0.000451779
sample187,1,0.139577061,0.595776571,0.306653477,0.840183833,0.991632473,0.810088681,0.944976953,0.259027044,0.566451125,0.909382546
sample188,1,0.399991424,0.714958798,0.50624695,0.848582539,0.812680142,0.782985496,0.174008508,0.988877752,0.880658884,0.304662212
sample189,1,0.568974679,0.272235073,0.750586101,0.587199211,0.823553386,0.61238396,0.113647369,0.587154248,0.863902874,0.241687541
sample190,1,0.986348511,0.117122111,0.44396828,0.817343847,0.50478228,0.732933874,0.896966941,0.750104424,0.669261468,0.967246565
sample191,1,0.704567296,0.169998602,0.943931788,0.753239776,0.903264362,0.312785332,0.103531684,0.36421865,0.97476426,0.176069934
sample192,1,0.848075312,0.638513238,0.735066244,0.241701084,0.958323286,0.389012422,0.825626706,0.294356755,0.983013903,0.346966084
sample193,1,0.884672971,0.003865393,0.477676434,0.98641442,0.561170018,0.149846303,0.142533158,0.244779696,0.53611617,0.582490858
sample194,1,0.987661296,0.033935778,0.459229194,0.530066504,0.927582888,0.419388571,0.849827338,0.687664932,0.78009145,0.601669909
sample195,1,0.666153521,0.709930681,0.285043291,0.853336681,0.839083612,0.331233898,0.195002995,0.122558449,0.592359044,0.182751871
sample196,1,0.88932345,0.734798399,0.609403268,0.157212942,0.567166109,0.556295369,0.982024371,0.735470058,0.504226938,0.27470739
sample197,1,0.929419642,0.252438847,0.18043693,0.957042957,0.969544222,0.489138583,0.789878502,0.735603073,0.526981685,0.659820317
sample198,1,0.791659911,0.597211497,0.19052683,0.324331526,0.819843165,0.930818147,0.997140932,0.062806512,0.941104435,0.081293159
sample199,1,0.669103603,0.190296257,0.452244368,0.766212016,0.825031269,0.352624464,0.797138947,0.003321708,0.99074054,0.137251451
sample200,-1,0.461415154,0.823057163,0.458468962,0.879920114,0.100218834,0.643478163,0.38775759,0.512013029,0.384655367,0.57838906
sample201,-1,0.158615318,0.805215486,0.825923216,0.252825953,0.451813561,0.637244027,0.436631828,0.385173223,0.470656341,0.401133872
sample202,-1,0.015053025,0.161374006,0.82080037,0.463658976,0.135060861,0.409218532,0.660044357,0.161164069,0.343767616,0.558888671
sample203,-1,0.254301697,0.405447165,0.894233687,0.227233232,0.130452999,0.504840768,0.399848224,0.020323214,0.111350763,0.305784406
sample204,-1,0.151192199,0.413258092,0.163459454,0.356527104,0.829955549,0.936426102,0.587275783,0.620887898,0.401958351,0.733655583
sample205,-1,0.999475688,0.355766714,0.85983275,0.358942185,0.356306519,0.669008355,0.2853532,0.610576282,0.091052544,0.051530819
sample206,-1,0.460440974,0.386804576,0.253684032,0.088658142,0.211371095,0.768567945,0.611717127,0.122558449,0.495041471,0.762569708
sample207,-1,0.976944656,0.805905666,0.031967385,0.342284922,0.241861508,0.322705924,0.402260808,0.085674606,0.365255423,0.509451942
sample208,-1,0.408925202,0.631214742,0.101825122,0.380354989,0.710196462,0.241091151,0.325364534,0.261777163,0.32654552,0.441993055
sample209,-1,0.346868494,0.975995206,0.797531316,0.327578819,0.02001312,0.723243919,0.519001056,0.237052341,0.3477415,0.562633324
sample210,-1,0.745129297,0.277980082,0.253480207,0.272080384,0.206668993,0.740027337,0.378631391,0.734963945,0.077975279,0.606959509
sample211,-1,0.04707028,0.803819621,0.033668897,0.088658142,0.619498644,0.213873449,0.302958132,0.41226729,0.124465379,0.374286048
sample212,-1,0.230010523,0.446297347,0.146986313,0.141633686,0.222978542,0.118572381,0.397617662,0.34463032,0.214528236,0.947728979
sample213,-1,0.017609762,0.347061667,0.014534538,0.118411136,0.331785696,0.432170682,0.369894662,0.622218253,0.929123362,0.713196989
sample214,-1,0.299935106,0.49309057,0.007121838,0.995119123,0.43691866,0.302085197,0.423764366,0.205817832,0.245901261,0.725089809
sample215,-1,0.589242986,0.288533395,0.92144765,0.457223916,0.341074175,0.973889651,0.636529253,0.862558286,0.250187969,0.243518035
sample216,-1,0.049259818,0.444079224,0.754609778,0.928435213,0.272066063,0.031722432,0.592714391,0.693998067,0.022824304,0.901877696
sample217,-1,0.503181535,0.461283315,0.035541669,0.274815237,0.657991005,0.285788064,0.673582902,0.060790869,0.071474733,0.903625527
sample218,-1,0.879125413,0.810815957,0.00689884,0.935975826,0.285552961,0.658268907,0.629030841,0.670679042,0.025455979,0.709957902
sample219,-1,0.220283123,0.813852493,0.216015715,0.502407312,0.236140645,0.578287508,0.443974742,0.574955112,0.959600923,0.256749185
sample220,-1,0.363340565,0.287797589,0.310066698,0.605852945,0.01134496,0.033809546,0.296008813,0.87795859,0.451899685,0.403593728
sample221,-1,0.445704189,0.940800122,0.979119473,0.334285064,0.374848696,0.223283923,0.440542533,0.66399181,0.313713242,0.374286048
sample222,-1,0.408925202,0.337792553,0.342250086,0.457223916,0.248808796,0.717008116,0.619471285,0.616845534,0.363638962,0.895064327
sample223,-1,0.13552374,0.420870549,0.077503342,0.561168317,0.638885517,0.570389613,0.568110426,0.43663607,0.007612494,0.621851683
sample224,-1,0.440365789,0.904441792,0.844765906,0.028733745,0.742707598,0.064958472,0.505658655,0.425033847,0.017444006,0.857955727
sample225,-1,0.106171558,0.415862015,0.751721893,0.859350702,0.269739231,0.094144524,0.714460845,0.205381072,0.580613192,0.243518035
sample226,-1,0.469898672,0.81145031,0.075515601,0.829569544,0.361309458,0.559436022,0.266532738,0.183910227,0.025606877,0.792825924
sample227,-1,0.584329589,0.776217286,0.38884727,0.265987986,0.134635378,0.503227396,0.415961476,0.657806643,0.434920527,0.764432827
sample228,-1,0.54619385,0.776217286,0.761484861,0.17379222,0.021171367,0.0654505,0.389628211,0.567308979,0.040365515,0.16225877
sample229,-1,0.834250983,0.550969789,0.942338349,0.965740074,0.038174763,0.841453117,0.593686192,0.297616033,0.448652169,0.051697127
sample230,-1,0.252218019,0.843860823,0.115582204,0.840619567,0.139403407,0.239002091,0.435548891,0.087550598,0.472101854,0.583360859
sample231,-1,0.920319988,0.45847714,0.441258905,0.054230094,0.23972912,0.35858072,0.393249857,0.085598356,0.083027485,0.626263048
sample232,-1,0.014224388,0.512845891,0.00661999,0.209864035,0.330922662,0.12856273,0.55828819,0.489404214,0.139305661,0.351385826
sample233,-1,0.624394864,0.277980082,0.0784253,0.917211307,0.43060199,0.149846303,0.648309527,0.259027044,0.319146667,0.241687541
sample234,-1,0.262747575,0.038372928,0.028811131,0.897426911,0.999411914,0.690631301,0.696555442,0.336054113,0.297902908,0.476163438
sample235,-1,0.398831022,0.391654333,0.140777126,0.728617168,0.100218834,0.00269526,0.672149921,0.603651794,0.063420945,0.843074033
sample236,-1,0.466523453,0.299140236,0.992963403,0.321155979,0.112979517,0.6321916,0.575126194,0.385989281,0.017382622,0.636771393
sample237,-1,0.802723145,0.352046201,0.063807928,0.423931552,0.165733229,0.658327538,0.41600338,0.10267538,0.320115757,0.380762567
sample238,-1,0.251402187,0.420698887,0.857489564,0.001465564,0.315239553,0.73799354,0.522537194,0.245114422,0.214240743,0.561877847
sample239,-1,0.290392771,0.373905496,0.185250014,0.355286063,0.045329316,0.100987818,0.569946665,0.941380668,0.362465057,0.655474425
sample240,-1,0.452290401,0.004316316,0.906919012,0.690405109,0.425886079,0.213873449,0.593969801,0.723636738,0.085128603,0.605405095
sample241,-1,0.219088344,0.156028458,0.868133573,0.122610568,0.370482158,0.678089499,0.434700411,0.270243773,0.211781568,0.321263569
sample242,-1,0.22328926,0.950432765,0.128251704,0.060941765,0.43691866,0.064958472,0.522537194,0.118537986,0.404664138,0.596903683
sample243,-1,0.248921576,0.81682378,0.112222345,0.46717833,0.003749858,0.029471831,0.621460596,0.596558519,0.26641165,0.608135114
sample244,-1,0.414209457,0.145366793,0.763454334,0.2668752,0.327712297,0.574314518,0.520779061,0.577298538,0.320115757,0.66045045
sample245,-1,0.2366319,0.93139276,0.241470254,0.036172368,0.436479762,0.683257378,0.337824025,0.21228673,0.170667003,0.561112879
sample246,-1,0.850936666,0.506606149,0.188943659,0.607693646,0.703808193,0.770389635,0.622474283,0.786135255,0.336734812,0.866238505
sample247,-1,0.268169103,0.506627007,0.7461448,0.665734642,0.280788574,0.064341124,0.697371145,0.206434909,0.910885697,0.028283452
sample248,-1,0.163033946,0.807477702,0.198655509,0.141633686,0.43620475,0.879391828,0.643502554,0.400173298,0.14292648,0.534733935
sample249,-1,0.034106692,0.875849966,0.229522147,0.283047611,0.430522335,0.110654333,0.696989696,0.489404214,0.117981798,0.537792881
sample250,-1,0.503181535,0.959265915,0.844004036,0.389984982,0.135060861,0.507780902,0.427605201,0.813116131,0.1721478,0.454817037
sample251,-1,0.401080091,0.225643155,0.771867555,0.151582114,0.722896587,0.102982994,0.62986652,0.124754524,0.123597669,0.615916056
sample252,-1,0.483035783,0.928861117,0.943931788,0.94385824,0.045329316,0.222797998,0.406119691,0.435103769,0.009130572,0.634027934
sample253,-1,0.73631885,0.790817896,0.170522849,0.285996508,0.812680142,0.82437194,0.585552636,0.43663607,0.415059235,0.601669909
sample254,-1,0.299363874,0.664107624,0.122776094,0.187765674,0.876156631,0.153691773,0.463342976,0.926902894,0.37490583,0.497565521
sample255,-1,0.348387017,0.417900664,0.101825122,0.292032054,0.490130511,0.582036404,0.515564174,0.108635241,0.176307271,0.934722716
sample256,-1,0.51488183,0.438511535,0.621225237,0.765175487,0.225300723,0.503227396,0.296866809,0.951875005,0.313713242,0.291298849
sample257,-1,0.514077253,0.998592064,0.884188521,0.122214164,0.003749858,0.377619717,0.471842334,0.058246153,0.366332504,0.496337854
sample258,-1,0.240629929,0.514007387,0.040976533,0.297497732,0.34991136,0.267831432,0.351047285,0.217562385,0.128942089,0.57838906
sample259,-1,0.791659911,0.394956324,0.963757523,0.20502457,0.079792719,0.433217854,0.472851631,0.51349117,0.390560254,0.270299393
sample260,-1,0.330992889,0.476974127,0.92415939,0.054581463,0.278864549,0.237963273,0.392813702,0.36421865,0.872273192,0.505771259
sample261,-1,0.165313987,0.937533496,0.155915473,0.386441716,0.400747365,0.543119182,0.463028405,0.414054335,0.411204963,0.480943583
sample262,-1,0.469402613,0.420870549,0.745807692,0.418642681,0.167044215,0.845650775,0.731911101,0.069407392,0.469253041,0.829776299
sample263,-1,0.195822039,0.910915787,0.763454334,0.423900597,0.46974289,0.681697284,0.546523848,0.562977884,0.021651949,0.682737724
sample264,-1,0.099574277,0.639628279,0.87267139,0.001465564,0.079792719,0.176164521,0.574123094,0.863795678,0.023496783,0.483965778
sample265,-1,0.199808077,0.80404998,0.031967385,0.679608411,0.395792221,0.191973145,0.342517424,0.499248842,0.214528236,0.497565521
sample266,-1,0.226302991,0.536729316,0.943048549,0.666183536,0.594409771,0.29819774,0.430306994,0.468238133,0.448079909,0.052712938
sample267,-1,0.062795871,0.416416303,0.037416501,0.466670604,0.459477846,0.624100099,0.650978167,0.102174034,0.490642152,0.504311354
sample268,-1,0.276006116,0.876249951,0.187154767,0.774438811,0.294061356,0.407651397,0.283274724,0.463544966,0.495216111,0.428380077
sample269,-1,0.301311578,0.952697425,0.916026956,0.143427498,0.477500717,0.634476491,0.263458529,0.058756679,0.288401224,0.373353403
sample270,-1,0.254952542,0.509882326,0.18043693,0.041842231,0.318646565,0.683257378,0.517154887,0.761824672,0.172001333,0.982286755
sample271,-1,0.426247687,0.845328204,0.974655929,0.198538266,0.248930845,0.129381884,0.311581527,0.25098898,0.356203078,0.401484405
sample272,-1,0.398831022,0.927548526,0.794670531,0.753239776,0.280788574,0.185257383,0.593686192,0.787415235,0.162773639,0.455379231
sample273,-1,0.730204051,0.934014761,0.051087456,0.06844757,0.249515123,0.605352661,0.380186857,0.282456211,0.153946972,0.473033572
sample274,-1,0.493200139,0.377385582,0.004472769,0.02045109,0.014928925,0.623497333,0.546973787,0.514461347,0.435640018,0.48538442
sample275,-1,0.220283123,0.330638885,0.992963403,0.093818484,0.19047632,0.65153527,0.517154887,0.003453171,0.142633221,0.506334391
sample276,-1,0.520301139,0.41648913,0.308941733,0.13479614,0.015880231,0.61238396,0.418854828,0.173446638,0.165816938,0.27470739
sample277,-1,0.025900734,0.932588059,0.974655929,0.017200342,0.159815122,0.127966114,0.321571994,0.395259386,0.140934968,0.292269517
sample278,-1,0.493200139,0.518053612,0.163247904,0.265987986,0.400985612,0.878241066,0.515602076,0.91940968,0.398083992,0.484558858
sample279,-1,0.339346354,0.370059379,0.643576504,0.694000653,0.567166109,0.023393314,0.697098726,0.137985837,0.020228862,0.581236372
sample280,-1,0.375104954,0.912136196,0.752519662,0.324046057,0.128478469,0.65153527,0.630749951,0.237052341,0.057122965,0.605368351
sample281,-1,0.466523453,0.492513431,0.976218058,0.385902918,0.000249581,0.171964152,0.571541345,0.74448333,0.395147842,0.558851162
sample282,-1,0.344491268,0.506944485,0.03701677,0.330082801,0.343323936,0.279910057,0.31827574,0.23071676,0.191310791,0.316488271
sample283,-1,0.771778878,0.906619442,0.461253477,0.431185653,0.074155362,0.708547215,0.653370079,0.062285443,0.063420945,0.05819491
sample284,-1,0.474539572,0.327539235,0.797783716,0.497174586,0.601014987,0.693705218,0.347364445,0.624286282,0.198677528,0.636771393
sample285,-1,0.375139798,0.411282248,0.869867307,0.327249112,0.331785696,0.678089499,0.737119006,0.524984,0.825746527,0.323311383
sample286,-1,0.417116576,0.415615123,0.806913471,0.821802632,0.299559369,0.415739272,0.417844316,0.589145567,0.359647689,0.733655583
sample287,-1,0.248921576,0.326026904,0.850631562,0.118411136,0.168438493,0.171964152,0.288717095,0.272327177,0.492899751,0.296213548
sample288,-1,0.007774581,0.715476828,0.825923216,0.431831065,0.265058964,0.213873449,0.366089533,0.577298538,0.010431605,0.341024766
sample289,-1,0.514077253,0.504060994,0.174770339,0.009680423,0.206668993,0.298314306,0.497776256,0.654795571,0.343767616,0.764432827
sample290,-1,0.810413284,0.772746118,0.765452795,0.209864035,0.83957066,0.419388571,0.260053407,0.629350172,0.463929146,0.430528232
sample291,-1,0.156750824,0.173511963,0.02908395,0.36190892,0.051703153,0.176164521,0.504530813,0.062806512,0.073219046,0.813228907
sample292,-1,0.487126568,0.333572987,0.182808498,0.117597865,0.421573555,0.185257383,0.307348578,0.178643909,0.926786935,0.255674641
sample293,-1,0.318940307,0.476015002,0.93092439,0.550228409,0.400747365,0.149846303,0.549397215,0.245153787,0.378354941,0.621851683
sample294,-1,0.853710398,0.505135521,0.075515601,0.464771601,0.930321877,0.200381665,0.570643405,0.503866258,0.104838547,0.341024766
sample295,-1,0.222104889,0.984194002,0.908943798,0.426192547,0.347860553,0.867635797,0.322780915,0.074216474,0.18732835,0.636771393
sample296,-1,0.113417649,0.049226102,0.00689884,0.083242821,0.335440415,0.574314518,0.623464921,0.127547656,0.384655367,0.638128037
sample297,-1,0.401080091,0.92547784,0.470780435,0.272080384,0.484140363,0.767604522,0.42307393,0.121095753,0.391525929,0.340905195
sample298,-1,0.160342136,0.825034019,0.056334625,0.731241283,0.171380225,0.591065416,0.717929311,0.10267538,0.763139476,0.428380077
sample299,-1,0.405644622,0.477318872,0.163247904,0.164985074,0.21672083,0.623497333,0.563688092,0.975558051,0.200332694,0.596523614
sample300,-1,0.082429378,0.973968317,0.901652997,0.274815237,0.890600256,0.181159036,0.451924484,0.418116923,0.159694933,0.241586745
sample301,-1,0.034108777,0.78506302,0.937774004,0.058105341,0.420535677,0.05590146,0.563688092,0.244779696,0.299765051,0.527437591
sample302,-1,0.26622207,0.922962276,0.751721893,0.239728328,0.482161426,0.895866621,0.726169561,0.543617083,0.611459351,0.743652435
sample303,-1,0.653515787,0.929169267,0.794058444,0.600799861,0.134932089,0.094144524,0.518536821,0.121095753,0.097483378,0.633628275
sample304,-1,0.473159716,0.355766714,0.940171104,0.249460524,0.239469139,0.71932136,0.741732929,0.182283745,0.236094075,0.633628275
sample305,-1,0.489282891,0.396787767,0.05164113,0.154721853,0.280788574,0.582036404,0.679934187,0.21228673,0.342826831,0.8358261
sample306,-1,0.517149087,0.937533496,0.040976533,0.06844757,0.02001312,0.769410734,0.727352498,0.566821595,0.374911255,0.407869151
sample307,-1,0.805196415,0.287797589,0.159852306,0.305568987,0.478416362,0.909173763,0.618224565,0.875792658,0.140934968,0.582490858
sample308,-1,0.094021808,0.905898101,0.976218058,0.708907284,0.430610598,0.060830132,0.665320955,0.814323818,0.459660033,0.846043102
sample309,-1,0.752644404,0.481524258,0.097826913,0.241701084,0.211371095,0.042940516,0.618224565,0.658311746,0.023496783,0.822861135
sample310,-1,0.765239857,0.376441226,0.958884533,0.519005331,0.094333369,0.084998489,0.296008813,0.236076119,0.025455979,0.516633865
sample311,-1,0.534906313,0.911449061,0.927858785,0.637904184,0.094333369,0.965137073,0.543625652,0.734963945,0.073219046,0.683161116
sample312,-1,0.846650733,0.978339635,0.183151053,0.88435863,0.420535677,0.912670298,0.260238333,0.41226729,0.858907436,0.012565907
sample313,-1,0.219088344,0.32480144,0.078359504,0.367395461,0.84362278,0.074315865,0.523525739,0.93055739,0.129583151,0.85273188
sample314,-1,0.082429378,0.326026904,0.095663564,0.330606643,0.337733277,0.0897355,0.312445452,0.36615172,0.409943254,0.850012614
sample315,-1,0.270189095,0.849934003,0.007121838,0.376563277,0.004380421,0.578287508,0.444764521,0.175338287,0.448254916,0.587838134
sample316,-1,0.335045431,0.448047605,0.977327528,0.989524807,0.088365443,0.13601587,0.338319483,0.430504068,0.041267732,0.695692448
sample317,-1,0.597967962,0.497072303,0.843033039,0.284074924,0.347860553,0.651392848,0.480345893,0.235891516,0.290991093,0.423456231
sample318,-1,0.399991424,0.940257308,0.953326292,0.389826223,0.053497888,0.64790129,0.286443914,0.122558449,0.877000669,0.525965866
sample319,-1,0.867794268,0.319095086,0.347352853,0.012751683,0.319543762,0.543119182,0.473533694,0.653520975,0.330270508,0.166938068
sample320,-1,0.416264296,0.841804066,0.088857914,0.324331526,0.053785902,0.114331258,0.729798455,0.762873828,0.334367154,0.416233859
sample321,-1,0.512374843,0.416416303,0.758467762,0.2668752,0.819795607,0.636005877,0.576964385,0.854156084,0.070637107,0.815461471
sample322,-1,0.284440942,0.771342304,0.965791399,0.398992016,0.075732298,0.625423141,0.680278514,0.658311746,0.34154445,0.596523614
sample323,-1,0.21749064,0.284479735,0.844004036,0.84907412,0.218758645,0.377619717,0.482447016,0.141378377,0.045434931,0.800129289
sample324,-1,0.27564097,0.291034308,0.052922763,0.129643284,0.825031269,0.287248575,0.434128408,0.881507114,0.050961933,0.651895048
sample325,-1,0.801340546,0.020913368,0.19111635,0.285912175,0.053526211,0.52860486,0.434988157,0.221182167,0.676337528,0.642642158
sample326,-1,0.215537588,0.352046201,0.155655199,0.052525336,0.073139482,0.269838557,0.411213195,0.875065336,0.010431605,0.569529087
sample327,-1,0.412777619,0.291214235,0.927858785,0.554115637,0.002246301,0.012227135,0.745403526,0.137985837,0.16335008,0.458567961
sample328,-1,0.31866718,0.841804066,0.761656631,0.440886368,0.192132054,0.690631301,0.348669367,0.504812677,0.14292648,0.756062898
sample329,-1,0.219088344,0.385026818,0.93092439,0.20788917,0.094118719,0.020739962,0.462995859,0.155754097,0.253296767,0.608135114
sample330,-1,0.519230395,0.87708333,0.854477827,0.935414373,0.42613424,0.776609669,0.628939223,0.105615664,0.459048257,0.633836194
sample331,-1,0.416264296,0.99156088,0.222451464,0.714666127,0.067263384,0.05590146,0.681678789,0.403788663,0.125229358,0.534018917
sample332,-1,0.457280458,0.85439003,0.0784253,0.002072273,0.330922662,0.069395816,0.31323133,0.698097515,0.342826831,0.340905195
sample333,-1,0.713992618,0.981556162,0.704738382,0.153568702,0.285552961,0.69056758,0.372697615,0.723661648,0.134175971,0.728246703
sample334,-1,0.75275992,0.463217826,0.194388632,0.049600523,0.005895683,0.211160781,0.311581527,0.463331838,0.436559118,0.037081983
sample335,-1,0.148954142,0.863641406,0.013799434,0.02200107,0.715821086,0.70743444,0.682321834,0.873018074,0.289258282,0.296213548
sample336,-1,0.10371459,0.512845891,0.785534352,0.404962691,0.302931851,0.97323837,0.485539016,0.062806512,0.434920527,0.327638819
sample337,-1,0.133293055,0.344439304,0.806913471,0.322335054,0.701492574,0.317880655,0.592732564,0.173446638,0.381922024,0.15303451
sample338,-1,0.048801924,0.495270615,0.766606209,0.224960506,0.567037991,0.031244199,0.443113038,0.164346165,0.378354941,0.494122741
sample339,-1,0.445414219,0.469762187,0.14758105,0.212369337,0.222978542,0.110654333,0.340786597,0.121095753,0.297902908,0.891710492
sample340,-1,0.154284417,0.415862015,0.760680355,0.787836833,0.878502495,0.152722607,0.551888591,0.735470058,0.062821207,0.372859471
sample341,-1,0.126468178,0.277980082,0.051087456,0.429541432,0.324170207,0.040259786,0.718616179,0.699460988,0.111217823,0.5083861
sample342,-1,0.30414324,0.81145031,0.969142587,0.518781281,0.166009762,0.181587665,0.532604864,0.596902306,0.460571898,0.046438382
sample343,-1,0.074990322,0.444950919,0.094274141,0.010119892,0.067263384,0.28990771,0.637098308,0.52746937,0.186620783,0.606679072
sample344,-1,0.049259818,0.40302759,0.055460336,0.071300704,0.377459433,0.643478163,0.283067484,0.698121462,0.409943254,0.714010335
sample345,-1,0.139577061,0.97974095,0.799332776,0.001667633,0.2831174,0.521274431,0.353847218,0.698121462,0.162773639,0.495301764
sample346,-1,0.31866718,0.811763355,0.884611249,0.57462033,0.001776455,0.238777465,0.570691208,0.690854145,0.023496783,0.569529087
sample347,-1,0.656906548,0.356184102,0.802950266,0.416540058,0.199309247,0.000424783,0.631966961,0.723636738,0.089419924,0.297726518
sample348,-1,0.768834809,0.508221719,0.209232243,0.290874624,0.348603461,0.581910265,0.463028405,0.610576282,0.003863942,0.373353403
sample349,-1,0.226302991,0.947281231,0.216504493,0.207843379,0.888386802,0.499733005,0.258882516,0.299490436,0.101742128,0.662555926
sample350,-1,0.450872381,0.038779628,0.581294274,0.093818484,0.321881992,0.020272765,0.417844316,0.557526496,0.025957284,0.317447573
sample351,-1,0.910494688,0.807477702,0.752682875,0.337427855,0.355422769,0.798072402,0.248746165,0.324724035,0.161730387,0.278978108
sample352,-1,0.04707028,0.390388997,0.428869437,0.731434024,0.195879411,0.135392959,0.719400767,0.892787081,0.856456691,0.110138723
sample353,-1,0.636235521,0.636590982,0.161091887,0.747113764,0.34991136,0.984337576,0.518536821,0.030798722,0.363126557,0.253336586
sample354,-1,0.305721412,0.925637924,0.220454122,0.361495628,0.42613424,0.241091151,0.622592797,0.775873318,0.78009145,0.380762567
sample355,-1,0.305804261,0.998679857,0.094617543,0.732465692,0.053785902,0.509966209,0.458815137,0.5843931,0.359647689,0.762511495
sample356,-1,0.096000479,0.906789857,0.055460336,0.203309644,0.017668327,0.906840775,0.349085387,0.538188837,0.330817714,0.713196989
sample357,-1,0.382271432,0.788981999,0.601427531,0.218706053,0.557887361,0.846428134,0.734698802,0.131175862,0.137640938,0.555385859
sample358,-1,0.490931515,0.36485219,0.02132479,0.666963241,0.218758645,0.717978854,0.529204163,0.36421865,0.495216111,0.682737724
sample359,-1,0.244724112,0.378668464,0.665049027,0.493447505,0.332343299,0.718320643,0.517467491,0.52746937,0.298520659,0.509451942
sample360,-1,0.715674453,0.391654333,0.103983022,0.224960506,0.436479762,0.735678288,0.306946853,0.799384155,0.436050629,0.422731594
sample361,-1,0.305721412,0.875849966,0.130328242,0.277394014,0.148673777,0.732235774,0.286443914,0.758526057,0.355557846,0.363693618
sample362,-1,0.230984028,0.910478306,0.835071644,0.423900597,0.670821268,0.846428134,0.369894662,0.082291921,0.743151779,0.536707315
sample363,-1,0.293415379,0.444950919,0.101825122,0.195760862,0.069974031,0.811612294,0.70707551,0.864153719,0.217810871,0.213368098
sample364,-1,0.031170225,0.933825495,0.124267804,0.404962691,0.447091763,0.092272948,0.674693804,0.127547656,0.12473918,0.843309423
sample365,-1,0.439938264,0.459798915,0.02132479,0.469172927,0.053497888,0.555755815,0.47433554,0.2355176,0.101742128,0.27893898
sample366,-1,0.314164664,0.250359302,0.091416078,0.4023676,0.416718663,0.182618149,0.3744963,0.607169444,0.054294096,0.35729037
sample367,-1,0.251402187,0.244695475,0.830936322,0.137411357,0.235975561,0.120373292,0.400231388,0.604170088,0.023496783,0.769163147
sample368,-1,0.259553249,0.500540229,0.318401517,0.464976038,0.397612952,0.153691773,0.347941712,0.378224196,0.322987732,0.650140468
sample369,-1,0.140239716,0.355766714,0.131968745,0.13000979,0.17563369,0.107536938,0.46769062,0.198365292,0.351646169,0.479327455
sample370,-1,0.219088344,0.981466392,0.785534352,0.431375171,0.050427631,0.849298977,0.394730212,0.654795571,0.478285042,0.476163438
sample371,-1,0.329235378,0.456638175,0.991716924,0.671406428,0.280788574,0.788536978,0.408115243,0.182882456,0.063420945,0.416233859
sample372,-1,0.626605266,0.41648913,0.880506519,0.304230846,0.343089011,0.411390908,0.57942077,0.005068514,0.077975279,0.852751505
sample373,-1,0.426710149,0.306365363,0.691850671,0.083046372,0.484140363,0.576742242,0.31323133,0.570748127,0.309846355,0.403593728
sample374,-1,0.391016251,0.417055022,0.166751327,0.322335054,0.282083079,0.725747046,0.685719714,0.003453171,0.376460682,0.256749185
sample375,-1,0.489105583,0.825034019,0.101825122,0.006943557,0.088061928,0.539506717,0.668877045,0.717608145,0.208739373,0.407869151
sample376,-1,0.66197348,0.278575265,0.163459454,0.840183833,0.459477846,0.681120728,0.299407274,0.12238996,0.354623246,0.608135114
sample377,-1,0.10371459,0.867061035,0.237306484,0.147373161,0.319543762,0.708547215,0.640696327,0.210012166,0.210002007,0.613671033
sample378,-1,0.371023524,0.361126611,0.660037188,0.02200107,0.060146509,0.412306443,0.710310873,0.235735706,0.180159895,0.316841854
sample379,-1,0.307865053,0.424127128,0.799332776,0.431185653,0.58230682,0.009229387,0.613763185,0.723985109,0.244786397,0.916328654
sample380,-1,0.181726764,0.446297347,0.230257319,0.66885794,0.162515685,0.52616819,0.585692174,0.010448156,0.277766088,0.866630347
sample381,-1,0.440365789,0.81334413,0.774257794,0.908446091,0.219473751,0.582872395,0.559623764,0.153116527,0.082668575,0.892358695
sample382,-1,0.163033946,0.77728321,0.975777341,0.195516473,0.020948953,0.006231627,0.382378352,0.967977534,0.151676691,0.561112879
sample383,-1,0.855352651,0.843860823,0.198810025,0.078707294,0.244427263,0.228890253,0.61028857,0.698097515,0.053002806,0.649794957
sample384,-1,0.113647501,0.337427976,0.06005109,0.540643148,0.438795835,0.012227135,0.528357492,0.499248842,0.204314229,0.483965778
sample385,-1,0.244724112,0.301556273,0.034591057,0.848818926,0.759351221,0.507988361,0.248746165,0.35807383,0.764618753,0.392934917
sample386,-1,0.487126568,0.869103448,0.155915473,0.642283552,0.312697939,0.653590761,0.308179086,0.388568629,0.166986092,0.083379677
sample387,-1,0.214646745,0.411801309,0.17029805,0.10269303,0.331559333,0.364000529,0.483759327,0.558755356,0.067589538,0.558851162
sample388,-1,0.267709059,0.096795769,0.917743598,0.660504233,0.18149623,0.004080013,0.576877498,0.728361141,0.191310791,0.255674641
sample389,-1,0.335045431,0.425373053,0.432167039,0.027363301,0.436935969,0.545120398,0.267724936,0.73248329,0.424867262,0.346966084
sample390,-1,0.403434937,0.286945671,0.249613758,0.506528891,0.243083316,0.738463219,0.42811987,0.054377985,0.53611617,0.45968195
sample391,-1,0.158615318,0.602411374,0.81513959,0.665360333,0.71060281,0.24622724,0.374865065,0.711867805,0.252192972,0.441993055
sample392,-1,0.512374843,0.923871948,0.81772232,0.974986702,0.075161521,0.337756907,0.367521697,0.085674606,0.330817714,0.702283466
sample393,-1,0.426710149,0.322733584,0.902151204,0.053306414,0.023199829,0.717173909,0.356830687,0.792261007,0.325789408,0.805092166
sample394,-1,0.661695254,0.806740373,0.82080037,0.203309644,0.075161521,0.044601146,0.595156648,0.162241605,0.448079909,0.007976421
sample395,-1,0.433150416,0.816108698,0.452945142,0.065468505,0.237093467,0.71932136,0.577968647,0.085598356,0.357114787,0.070060496
sample396,-1,0.339346354,0.914610366,0.097826913,0.077522287,0.484140363,0.69056758,0.42005438,0.482844774,0.395147842,0.438641216
sample397,-1,0.320117999,0.444950919,0.401896477,0.970993291,0.96026435,0.138345418,0.354926979,0.230749042,0.204611761,0.558888671
sample398,-1,0.059132305,0.337426247,0.772847204,0.099038314,0.966042359,0.975085541,0.532890758,0.035839056,0.258723356,0.709957902
sample399,-1,0.379777716,0.460256382,0.229256745,0.768974563,0.321881992,0.118572381,0.448964437,0.546324139,0.363126557,0.176632066
